name,url,category,subcategory,is_canon,habilities,japanese_name,romanized_name,official_english_name,meaning,usage_debut,type,previous_user,current_user
Gomu Gomu no Mi,https://onepiece.fandom.com/wiki/Gomu_Gomu_no_Mi,Paramecia,,True,"Grants the user's body the properties of rubber, effectively making them a Rubber Human",ゴムゴムの実 ヒトヒトの実 モデル「ニカ」,Gomu Gomu no Mi Hito Hito no Mi Moderu Nika,"Gum-Gum Fruit Human-Human Fruit, Model: Nika",Rubber Human; Nika,Chapter 1 ; Episode 1,Paramecia Mythical Zoan,Joy Boy,Monkey D. Luffy
Bara Bara no Mi,https://onepiece.fandom.com/wiki/Bara_Bara_no_Mi,Paramecia,,True,"Allows the user to split their own body into pieces and levitate said pieces at will, while granting a passive immunity to all slashes and cuts, making the user a Splitting Human",バラバラの実,,Chop-Chop Fruit The Fruit of Dismemberment (Odex),Scattered; in pieces,Chapter 9 ; Episode 5,Paramecia,,Buggy
Sube Sube no Mi,https://onepiece.fandom.com/wiki/Sube_Sube_no_Mi,Paramecia,,True,"Makes the user's body smooth and slippery, which in turn makes most attacks and objects slide off their body, protecting the user from harm in most situations",スベスベの実,,"Slip-Slip Fruit (Viz, 4Kids); Smooth-Smooth Fruit (Funimation)",Smooth,Chapter 51 (cover); Episode 46,Paramecia,,Alvida
Bomu Bomu no Mi,https://onepiece.fandom.com/wiki/Bomu_Bomu_no_Mi,Paramecia,,True,"Allows the user to make any part of their body explode , whether it be their limbs, hair, mucus, even breath or cough, making the user a Bomb Human",ボムボムの実,,"Bomb-Bomb Fruit (4Kids, Funimation, Odex); Boom-Boom Fruit (Viz)",Bomb,Chapter 110 ; Episode 65,Paramecia,Ganzui,Gem
Kiro Kiro no Mi,https://onepiece.fandom.com/wiki/Kiro_Kiro_no_Mi,Paramecia,,True,"Allows the user to change their weight from 1 to 10,000 kilograms without, in any way, affecting the overall size of their body",キロキロの実,,Kilo-Kilo Fruit; Pound-Pound Fruit (Odex),Kilo from Kilogram,Chapter 112 ; Episode 66,Paramecia,,Mikita
Hana Hana no Mi,https://onepiece.fandom.com/wiki/Hana_Hana_no_Mi,Paramecia,,True,Allows the user to replicate and sprout pieces of their body from the surface of any object or living thing,ハナハナの実,,"Hana-Hana Fruit ( 4Kids ); Flower-Flower Fruit ( VIZ , Funimation )",Flower; Bloom,Chapter 114 ; Episode 67,Paramecia,,Nico Robin
Doru Doru no Mi,https://onepiece.fandom.com/wiki/Doru_Doru_no_Mi,Paramecia,,True,"Allows the user to create large quantities of candle wax from their body and control it, making the user a Candle Human",ドルドルの実,,Wax-Wax Fruit Fruit of the Doru-Doru (Odex),Candle,Chapter 118 ; Episode 71,Paramecia,,Galdino
Baku Baku no Mi,https://onepiece.fandom.com/wiki/Baku_Baku_no_Mi,Paramecia,,True,"Allows the user to eat any object, including living beings, and merge it into their body or with other objects they eat",バクバクの実,,"Munch-Munch Fruit Baku Baku Fruit (Manga Entertainment, Odex) *",Sound of Chomping,Chapter 131 ; Episode 79,Paramecia,,Wapol
Mane Mane no Mi,https://onepiece.fandom.com/wiki/Mane_Mane_no_Mi,Paramecia,,True,"Allows the user to turn themselves into a physical double of anyone they touch, making the user an Imitating Human",マネマネの実,,Clone-Clone Fruit,Imitation,Chapter 156 ; Episode 92 ( Bentham ) Chapter 965 ; Episode 965 ( Kurozumi Higurashi ),Paramecia,Kurozumi Higurashi,Bentham
Supa Supa no Mi,https://onepiece.fandom.com/wiki/Supa_Supa_no_Mi,Paramecia,,True,"Enables the user's body to gain characteristics of a steel blade to attack opponents with, making the user a Full-Body Bladed Human",スパスパの実,,Dice-Dice Fruit,Sound of cutting,Chapter 160 ; Episode 103,Paramecia,,Daz Bonez S-Hawk (Artificial)
Toge Toge no Mi,https://onepiece.fandom.com/wiki/Toge_Toge_no_Mi,Paramecia,,True,"Allows the user to grow spikes on any part of their body, and turn any body part entirely into a spike, making the user a Spike Human",トゲトゲの実,,Spike-Spike Fruit,Spike; Thorn,Chapter 190 ; Episode 117,Paramecia,,Zala
Ori Ori no Mi,https://onepiece.fandom.com/wiki/Ori_Ori_no_Mi,Paramecia,,True,Allows the user to bind their foes in iron shackles created by the user's body,オリオリの実,,"Bind-Bind Fruit (Viz); Cage-Cage Fruit (4Kids, Funimation)",Cage,"Chapter 217 , Episode 130",Paramecia,,Hina
Bane Bane no Mi,https://onepiece.fandom.com/wiki/Bane_Bane_no_Mi,Paramecia,,True,"Allows the user to turn their limbs into springs, making the user a Spring Human",バネバネの実,,"Spring-Spring Fruit Boing-Boing Fruit (VIZ, former)",Spring,Chapter 231 ; Episode 150,Paramecia,,Bellamy
Ito Ito no Mi,https://onepiece.fandom.com/wiki/Ito_Ito_no_Mi,Paramecia,,True,"Allows the user to create and manipulate strings, making the user a String Human",イトイトの実,,String-String Fruit,String; Thread,Chapter 234 ; Episode 151,Paramecia,,Donquixote Doflamingo
Noro Noro no Mi,https://onepiece.fandom.com/wiki/Noro_Noro_no_Mi,Paramecia,,True,"Allows the user to emit beams which temporarily slow down their target, making the user a Noroma Human",ノロノロの実,,Slow-Slow Fruit,Slowly; Sluggishly,Chapter 308 ; Episode 210,Paramecia,,Foxy
Doa Doa no Mi,https://onepiece.fandom.com/wiki/Doa_Doa_no_Mi,Paramecia,,True,"Allows the user to create doors through anything they touch, making the user a Door Human",ドアドアの実,,Door-Door Fruit,Door,Chapter 326 ; Episode 231,Paramecia,,Blueno
Awa Awa no Mi,https://onepiece.fandom.com/wiki/Awa_Awa_no_Mi,Paramecia,,True,"Allows the user to emit and control soap and bubbles that can not only clean off dirt but can also ""clean off"" power, making the user a Soap Human",アワアワの実,,Bubble-Bubble Fruit,Bubble,Chapter 408 ; Episode 293,Paramecia,,Kalifa
Beri Beri no Mi,https://onepiece.fandom.com/wiki/Beri_Beri_no_Mi,Paramecia,,True,"Allows the user to transform their body parts into a multitude of berry-like balls, making the user a Grape Human",ベリベリの実,,Berry-Berry Fruit,Berry,Chapter 426 ; Episode 309,Paramecia,,Very Good
Sabi Sabi no Mi,https://onepiece.fandom.com/wiki/Sabi_Sabi_no_Mi,Paramecia,,True,"Allows the user to cause metallic items to rust and break, making the user a Rust Human",サビサビの実,,Rust-Rust Fruit,Rust,Chapter 426 ; Episode 309,Paramecia,,Shu
Shari Shari no Mi,https://onepiece.fandom.com/wiki/Shari_Shari_no_Mi,Paramecia,,True,"Allows the user to rotate their body parts like wheels, making the user a Wheel Human",シャリシャリの実,,Wheel-Wheel Fruit,Wheel,Chapter 428,Paramecia,,Sharinguru
Horo Horo no Mi,https://onepiece.fandom.com/wiki/Horo_Horo_no_Mi,Paramecia,,True,"Allows the user to conjure ghosts, making the user a Ghost Human",ホロホロの実,,Hollow-Hollow Fruit,Hollow,Chapter 442 ; Episode 337,Paramecia,,Perona
Yomi Yomi no Mi,https://onepiece.fandom.com/wiki/Yomi_Yomi_no_Mi,Paramecia,,True,"Strengthens the user's soul to the point where they resurrect after their first death, allowing them to live a second time and to use several other soul -based abilities, making the user a Reviving Human",ヨミヨミの実,,Revive-Revive Fruit,Resurrection,Chapter 442 ; Episode 337,Paramecia,,Brook
Kage Kage no Mi,https://onepiece.fandom.com/wiki/Kage_Kage_no_Mi,Paramecia,,True,"Gives the user the ability to manifest and control shadows of living creatures, including their own, as physical and tangible forms",カゲカゲの実,,Shadow-Shadow Fruit,Shadow,Chapter 443 ; Episode 338,Paramecia,,Gecko Moria
Suke Suke no Mi,https://onepiece.fandom.com/wiki/Suke_Suke_no_Mi,Paramecia,,True,"Gives its user the ability to turn themselves and whatever they touch  invisible, making them a Clear Human",スケスケの実,,Clear-Clear Fruit,See-through; Sheer,Chapter 444 ; Episode 339 ( Absalom ) Chapter 925 ; Episode 917 ( Shiryu ),Paramecia,Absalom,Shiryu
Nikyu Nikyu no Mi,https://onepiece.fandom.com/wiki/Nikyu_Nikyu_no_Mi,Paramecia,,True,"Grants the ability to repel anything via paws permanently manifested on the user's palms, making the user a Paw Human",ニキュニキュの実,,Paw-Paw Fruit,Paw,Chapter 473 ; Episode 368,Paramecia,,Bartholomew Kuma S-Bear (Artificial)
Toshi Toshi no Mi,https://onepiece.fandom.com/wiki/Toshi_Toshi_no_Mi,Paramecia,,True,"Allows the user to manipulate the ages of people or objects, making them an Age Manipulation Human",トシトシの実,,Age-Age Fruit,Age; Year,Chapter 499 ; Episode 393,Paramecia,,Jewelry Bonney
Jiki Jiki no Mi,https://onepiece.fandom.com/wiki/Jiki_Jiki_no_Mi,Paramecia,,True,Allows the user to create magnetic forces and use them to control metal,ジキジキの実,,Magnet-Magnet Fruit,Magnetism,Chapter 504 ; Episode 398,Paramecia,John,Eustass Kid
Ope Ope no Mi,https://onepiece.fandom.com/wiki/Ope_Ope_no_Mi,Paramecia,,True,"Grants the power to create a spherical domain, inside of which the user can freely rearrange, take apart , and ""surgically"" remodel anything and anyone, including themself, making the user a Free Modification Human",オペオペの実,,Op-Op Fruit,Operation,Chapter 504 ; Episode 398,Paramecia,A certain doctor,Trafalgar D. Water Law
Shiro Shiro no Mi,https://onepiece.fandom.com/wiki/Shiro_Shiro_no_Mi,Paramecia,,True,"Allows the user to become a living fortress, making the user a Castle Human",シロシロの実,,Castle-Castle Fruit,Castle,Chapter 508 ; Episode 401,Paramecia,,Capone Bege
Wara Wara no Mi,https://onepiece.fandom.com/wiki/Wara_Wara_no_Mi,Paramecia,,True,"Allows the user to create and manipulate straw at will, with the straw having damage-redirecting properties",ワラワラの実,,Straw-Straw Fruit,Straw,Chapter 508 ; Episode 401,Paramecia,,Basil Hawkins
Oto Oto no Mi,https://onepiece.fandom.com/wiki/Oto_Oto_no_Mi,Paramecia,,True,Allows the user to transform parts of their body into musical instruments and play music with a variety of destructive effects,オトオトの実,,Tone-Tone Fruit,Sound,Chapter 509 ; Episode 402,Paramecia,,Scratchmen Apoo
Mero Mero no Mi,https://onepiece.fandom.com/wiki/Mero_Mero_no_Mi,Paramecia,,True,"Allows a range of attacks which use emotions of love, lust or adoration to transform opponents into stone",メロメロの実,,Love-Love Fruit,Fall in Love,Chapter 516 ; Episode 410,Paramecia,,Boa Hancock S-Snake (Artificial)
Doku Doku no Mi,https://onepiece.fandom.com/wiki/Doku_Doku_no_Mi,Paramecia,,True,"Grants the user the ability to produce and control all different types of poison , as well as grants absolute immunity to poison, making the user a Poison Human",ドクドクの実,,Venom-Venom Fruit,Poison,Chapter 528 ; Episode 425,Paramecia,,Magellan
Horu Horu no Mi,https://onepiece.fandom.com/wiki/Horu_Horu_no_Mi,Paramecia,,True,"Grants the user the ability to create a variety of special hormones that can alter the recipient's body in any way the user desires, making the user a Hormone Controlling Human",ホルホルの実,,Horm-Horm Fruit (VIZ and Funimation); Hor-Hor Fruit (One Piece Official YouTube Channel),Hormones,Chapter 537 ; Episode 439,Paramecia,,Emporio Ivankov
Choki Choki no Mi,https://onepiece.fandom.com/wiki/Choki_Choki_no_Mi,Paramecia,,True,"Allows the user to transform parts of their body into scissors and cut solid objects as if they were paper, making the user a Scissors Human",チョキチョキの実,,Snip-Snip Fruit (VIZ and Funimation); Shear-Shear Fruit (One Piece Official YouTube Channel),Sound of scissors,Chapter 540 ; Episode 442,Paramecia,,Inazuma
Gura Gura no Mi,https://onepiece.fandom.com/wiki/Gura_Gura_no_Mi,Paramecia,,True,"Allows the user to create vibrations, or ""quakes"", making the user a Tremor Human",グラグラの実,,Tremor-Tremor Fruit or Quake-Quake Fruit,Sound of shaking,Chapter 552 ; Episode 461 ( Edward Newgate ) Chapter 577 ; Episode 486 ( Marshall D. Teach ),Paramecia,Edward Newgate,Marshall D. Teach
Kira Kira no Mi,https://onepiece.fandom.com/wiki/Kira_Kira_no_Mi,Paramecia,,True,Allows the user to transform their body into diamond,キラキラの実,,Twinkle-Twinkle Fruit,Sparkle,Chapter 553 ; Episode 463,Paramecia,,Jozu
Poke Poke no Mi,https://onepiece.fandom.com/wiki/Poke_Poke_no_Mi,Paramecia,,True,Allows the user to create pockets on their body,ポケポケの実,,Pocket-Pocket Fruit,Pocket,Chapter 553 ; Episode 461,Paramecia,,Blamenco
Woshu Woshu no Mi,https://onepiece.fandom.com/wiki/Woshu_Woshu_no_Mi,Paramecia,,True,"Allows the user to literally ""wash and hang out to dry"" people and objects as if they were clothes, making the user a Laundry Human",ウォシュウォシュの実,,Wash-Wash Fruit,Wash,Chapter 556 ; Episode 465,Paramecia,,Tsuru
Fuwa Fuwa no Mi,https://onepiece.fandom.com/wiki/Fuwa_Fuwa_no_Mi,Paramecia,,True,Allows the user to levitate themselves and non-living things into the air,フワフワの実,,Float-Float Fruit,Float,Chapter 0 ; Episode 426,Paramecia,,Shiki
Deka Deka no Mi,https://onepiece.fandom.com/wiki/Deka_Deka_no_Mi,Paramecia,,True,"Allows its user to drastically enlarge their body, making them a Gigantification Human",デカデカの実,,Huge-Huge Fruit,Huge,Chapter 575 ; Episode 484,Paramecia,,Sanjuan Wolf
Mato Mato no Mi,https://onepiece.fandom.com/wiki/Mato_Mato_no_Mi,Paramecia,,True,"Makes the user capable of aiming at whichever ""target"" he decides upon from any location and at any time with anything at ease",マトマトの実,,Mark-Mark Fruit,Target,Chapter 613 ; Episode 532,Paramecia,,Vander Decken IX
Fuku Fuku no Mi,https://onepiece.fandom.com/wiki/Fuku_Fuku_no_Mi,Paramecia,,True,Allows the user to create clothing and other apparel out of leaves or stones by visualizing them,フクフクの実,,Garb-Garb Jutsu (VIZ and Funimation); Garb-Garb Fruit (One Piece Official YouTube Channel),Clothing,Chapter 663 ; Episode 588,Paramecia,,Kin'emon
Hobi Hobi no Mi,https://onepiece.fandom.com/wiki/Hobi_Hobi_no_Mi,Paramecia,,True,"Allows the user to transform living people into toys , and erase memories of their existence from others",ホビホビの実,,Hobby-Hobby Fruit,Hobby,Chapter 701 ; Episode 630,Paramecia,,Sugar
Buki Buki no Mi,https://onepiece.fandom.com/wiki/Buki_Buki_no_Mi,Paramecia,,True,"Gives the user the ability to change their body parts into any weapon, which lets the user become a Full-Body Weapon Human",ブキブキの実,Buki Buki no Mi,Arms-Arms Fruit,Weapon,Chapter 682 ; Episode 608,Paramecia,,Baby 5
Guru Guru no Mi,https://onepiece.fandom.com/wiki/Guru_Guru_no_Mi,Paramecia,,True,"Allows the user to transform any part of their body or piece of worn clothing into propellers capable of rotation at high speed, becoming a Rotation Human",グルグルの実,,Spin-Spin Fruit,Sound of rotating,Chapter 692 ; Episode 618,Paramecia,,Buffalo
Beta Beta no Mi,https://onepiece.fandom.com/wiki/Beta_Beta_no_Mi,Paramecia,,True,"Allows the user to create and control mucus, making the user a Mucus Human",ベタベタの実,,"Stick-Stick Fruit (VIZ, Funimation ( Episode of Sabo ) Sticky-Sticky Fruit (Funimation)",Sticky,Chapter 700 ; Episode 629,Paramecia,,Trebol
Zushi Zushi no Mi,https://onepiece.fandom.com/wiki/Zushi_Zushi_no_Mi,Paramecia,,True,Allows the user to create and manipulate gravitational force,ズシズシの実,,Press-Press Fruit,Sound of heavy stomps,Chapter 701 ; Episode 631,Paramecia,,Issho
Bari Bari no Mi,https://onepiece.fandom.com/wiki/Bari_Bari_no_Mi,Paramecia,,True,"Allows the user to generate barriers, making them a Barrier Human",バリバリの実,,Barrier-Barrier Fruit [ N 1 ] Bari-Bari Fruit [ N 2 ],Barrier,Chapter 708 ; Episode 637 ( Bartolomeo ) Chapter 969 ; Episode 970 ( Kurozumi Semimaru ),Paramecia,Kurozumi Semimaru,Bartolomeo
Nui Nui no Mi,https://onepiece.fandom.com/wiki/Nui_Nui_no_Mi,Paramecia,,True,Grants the user the ability to stitch things together and un-stitch them like if nothing had happened,ヌイヌイの実,,Stitch-Stitch Power (VIZ and Funimation); Sew-Sew Fruit (One Piece Official YouTube Channel),Sewing,Chapter 711 ; Episode 641,Paramecia,,Leo
Giro Giro no Mi,https://onepiece.fandom.com/wiki/Giro_Giro_no_Mi,Paramecia,,True,"Allows the user to see through everything and read the minds of others, allowing the user to become an Insight Human",ギロギロの実,,Glare-Glare Fruit,Glare; Stare,Chapter 712 ; Episode 640,Paramecia,,Viola
Ato Ato no Mi,https://onepiece.fandom.com/wiki/Ato_Ato_no_Mi,Paramecia,,True,"Allows the user to turn people or objects into abstract art , turning the user into an Art Human",アトアトの実,,Art-Art Fruit,Art,Chapter 714 ; Episode 635,Paramecia,,Giolla
Jake Jake no Mi,https://onepiece.fandom.com/wiki/Jake_Jake_no_Mi,Paramecia,,True,"Allows the user to become a jacket and be worn by others, which makes them a Jacket Human",ジャケジャケの実,,Jacket-Jacket Fruit,Jacket,Chapter 715 ; Episode 645,Paramecia,,Kelly Funk
Pamu Pamu no Mi,https://onepiece.fandom.com/wiki/Pamu_Pamu_no_Mi,Paramecia,,True,"Allows the user to cause their own body or any inorganic object they touch to rupture and explode , turning them into a Puncture Human",パムパムの実,,Pop-Pop Fruit,Rupture,Chapter 723 ; Episode 653,Paramecia,,Gladius
Sui Sui no Mi,https://onepiece.fandom.com/wiki/Sui_Sui_no_Mi,Paramecia,,True,"Allows the user to swim in the ground or walls, making the user a Free-Swimming Human",スイスイの実,,Swim-Swim Fruit,Smooth Swim,Chapter 732 ; Episode 664,Paramecia,,Senor Pink S-Shark (Artificial)
Ton Ton no Mi,https://onepiece.fandom.com/wiki/Ton_Ton_no_Mi,Paramecia,,True,"Allows the user to increase their weight, making them a Super Weight Human",トントンの実,,Ton-Ton Fruit,Ton,Chapter 735 ; Episode 667,Paramecia,,Machvise
Hira Hira no Mi,https://onepiece.fandom.com/wiki/Hira_Hira_no_Mi,Paramecia,,True,"Allows the user to make their body and any object they touch become flat and flexible, letting solid objects ripple, billow, and flutter like a piece of cloth or a flag",ヒラヒラの実,,"Ripple-Ripple Fruit (VIZ Media, Funimation subs, Funimation dub (main series)); Flutter-Flutter Fruit (Funimation dub (Episode of Sabo))",Flap; Flutter,Chapter 736 ; Episode 668,Paramecia,,Diamante
Ishi Ishi no Mi,https://onepiece.fandom.com/wiki/Ishi_Ishi_no_Mi,Paramecia,,True,"Allows the user to merge with and manipulate stone, making the user a Stone Assimilation Human",イシイシの実,,Stone-Stone Fruit,Stone,Chapter 736 ; Episode 669,Paramecia,,Pica
Fude Fude no Mi,https://onepiece.fandom.com/wiki/Fude_Fude_no_Mi,Paramecia,,True,"Allows the user to generate ink from their body and use a painting brush to turn images created with that ink into three-dimensional, lifelike objects",フデフデの実,,Brush-Brush Fruit,Brush,Chapter 754 ; Episode 691,Paramecia,Kurozumi Kanjuro,
Nagi Nagi no Mi,https://onepiece.fandom.com/wiki/Nagi_Nagi_no_Mi,Paramecia,,True,"Allows the user to create a soundproof field and to cancel all noises, making the user a Soundless Human",ナギナギの実,,Calm-Calm Fruit,Calm,Chapter 764 ; Episode 703,Paramecia,Donquixote Rosinante,
Chiyu Chiyu no Mi,https://onepiece.fandom.com/wiki/Chiyu_Chiyu_no_Mi,Paramecia,,True,"Grants the user the ability to heal any wound or injury through the use of liquid that comes from the user's body, such as tears",チユチユの実,,Heal-Heal Fruit,Healing,Chapter 774 ; Episode 714,Paramecia,,Mansherry
Maki Maki no Mi,https://onepiece.fandom.com/wiki/Maki_Maki_no_Mi,Paramecia,,True,"Allows the user to create and control scrolls at will, which have special properties including storing objects and generating drawings",マキマキの実,,Scrolling Jutsu (Former); Scroll-Scroll Jutsu; Scroll-Scroll Fruit (One Piece Official YouTube Channel),Scroll,Chapter 817 ; Episode 768,Paramecia,,Raizo
Soru Soru no Mi,https://onepiece.fandom.com/wiki/Soru_Soru_no_Mi,Paramecia,,True,Allows the user to interact with and manipulate souls,ソルソルの実,,Soul-Soul Fruit,Soul,Chapter 651 ; Episode 571 ( Charlotte Linlin ) Chapter 867 ; Episode 837 ( Carmel ),Paramecia,Carmel,Charlotte Linlin
Mira Mira no Mi,https://onepiece.fandom.com/wiki/Mira_Mira_no_Mi,Paramecia,,True,"Allows the user to create mirrors which can reflect attacks or appearances, making the user a Mirror Human",ミラミラの実,,Mirror-Mirror Fruit,Mirror,Chapter 831 ; Episode 790,Paramecia,,Charlotte Brûlée
Pero Pero no Mi,https://onepiece.fandom.com/wiki/Pero_Pero_no_Mi,Paramecia,,True,"Allows the user to create and manipulate candy at will, making the user a Candy Human",ペロペロの実,,Lick-Lick Fruit,Sound of licking,Chapter 834 ; Episode 795,Paramecia,,Charlotte Perospero
Bisu Bisu no Mi,https://onepiece.fandom.com/wiki/Bisu_Bisu_no_Mi,Paramecia,,True,"Allows the user to generate and manipulate biscuits at will, making them a Biscuit Human",ビスビスの実,,Bis-Bis Fruit,Biscuit,Chapter 835 ; Episode 796,Paramecia,,Charlotte Cracker
Bata Bata no Mi,https://onepiece.fandom.com/wiki/Bata_Bata_no_Mi,Paramecia,,True,"Allows the user to create and control butter, making them a Butter Human",バタバタの実,,Butter-Butter Fruit,Butter,Chapter 846 ; Episode 811,Paramecia,,Charlotte Galette
Buku Buku no Mi,https://onepiece.fandom.com/wiki/Buku_Buku_no_Mi,Paramecia,,True,"Allows the user to manipulate books, making them a Book Human",ブクブクの実,,Book-Book Fruit,Book,Chapter 846 ; Episode 810,Paramecia,,Charlotte Mont-d'Or
Kuri Kuri no Mi,https://onepiece.fandom.com/wiki/Kuri_Kuri_no_Mi,Paramecia,,True,"Allows the user to create and manipulate cream at will, making them a Cream Human",クリクリの実,,Cream-Cream Fruit,Cream,Chapter 846 ; Episode 810,Paramecia,,Charlotte Opera
Shibo Shibo no Mi,https://onepiece.fandom.com/wiki/Shibo_Shibo_no_Mi,Paramecia,,True,"Allows its user to drain liquid from both living and non-living things by wringing them, as well as absorb liquid into themselves and their weapons, making them a Dehydration Human",シボシボの実,,Wring-Wring Fruit,Squeeze,Chapter 846 ; Episode 812,Paramecia,,Charlotte Smoothie
Memo Memo no Mi,https://onepiece.fandom.com/wiki/Memo_Memo_no_Mi,Paramecia,,True,Allows the user to turn people's memories into strips of film and manipulate them,メモメモの実,,Memo-Memo Fruit,Memory,Chapter 851 ; Episode 818,Paramecia,,Charlotte Pudding
Mochi Mochi no Mi,https://onepiece.fandom.com/wiki/Mochi_Mochi_no_Mi,Paramecia,,True,"Allows the user to create, control, and transform into mochi",モチモチの実,,Mochi-Mochi Fruit,Mochi; Springy,Chapter 863 ; Episode 833,Special Paramecia,,Charlotte Katakuri
Hoya Hoya no Mi,https://onepiece.fandom.com/wiki/Hoya_Hoya_no_Mi,Paramecia,,True,"Allows the user to summon a genie from their body, making the user a Lamp Human",ホヤホヤの実,,Puff-Puff Fruit,Lamp Chimney; Sound of smoke/steam,"Chapter 864 , Episode 826",Paramecia,,Charlotte Daifuku
Netsu Netsu no Mi,https://onepiece.fandom.com/wiki/Netsu_Netsu_no_Mi,Paramecia,,True,"Allows the user to emanate heat from their body, making the user a High Heat Human",ネツネツの実,,Heat-Heat Fruit,Heat,Chapter 864 ; Episode 827,Paramecia,,Charlotte Oven
Kuku Kuku no Mi,https://onepiece.fandom.com/wiki/Kuku_Kuku_no_Mi,Paramecia,,True,Allows the user to turn objects into food,ククククの実,,Cook-Cook Fruit,Cook,Chapter 868 ; Episode 832,Paramecia,,Streusen
Gocha Gocha no Mi,https://onepiece.fandom.com/wiki/Gocha_Gocha_no_Mi,Paramecia,,True,Allows the user to merge themselves with other people,ゴチャゴチャの実,,Pile-Pile Fruit,Mix,Chapter 900 ; Episode 875,Paramecia,,Charlotte Newshi
Oshi Oshi no Mi,https://onepiece.fandom.com/wiki/Oshi_Oshi_no_Mi,Paramecia,,True,Allows the user to freely move and shape the ground as though it was malleable like clay,オシオシの実,,Push-Push Fruit,Push,"Chapter 904 , Episode 880",Paramecia,,Morley
Kobu Kobu no Mi,https://onepiece.fandom.com/wiki/Kobu_Kobu_no_Mi,Paramecia,,True,Allows the user to encourage and rally other people to awaken their latent potential to fight,コブコブの実,,Pump-Pump Fruit,Encouragement,"Chapter 904 , Episode 880",Paramecia,,Belo Betty
Kibi Kibi no Mi,https://onepiece.fandom.com/wiki/Kibi_Kibi_no_Mi,Paramecia,,True,"Allows the user to create "" dango "" from their cheeks that can tame animals and those of part-animal nature",キビキビの実,,Millet-Millet Fruit,Millet,Chapter 911 ; Episode 893,Paramecia,,Kurozumi Tama
Toki Toki no Mi,https://onepiece.fandom.com/wiki/Toki_Toki_no_Mi,Paramecia,,True,Allows the user to send themselves and others forward in time,トキトキの実,,Time-Time Ability (VIZ); Time-Time Fruit (Funimation),Time,Chapter 920 ; Episode 910,Paramecia,Kouzuki Toki,
Juku Juku no Mi,https://onepiece.fandom.com/wiki/Juku_Juku_no_Mi,Paramecia,,True,Allows the user to mature and decay anything they touch,ジュクジュクの実,,Ripe-Ripe Enticement Jutsu (VIZ and Funimation); Ripe-Ripe Fruit (One Piece Official YouTube Channel),Mature,Chapter 924 ; Episode 916,Paramecia,,Shinobu
Shiku Shiku no Mi,https://onepiece.fandom.com/wiki/Shiku_Shiku_no_Mi,Paramecia,,True,Allows the user to afflict others with diseases,シクシクの実,,Sick-Sick Fruit,Sick,Chapter 1063 ; Episode 1093,Paramecia,,Doc Q
Wapu Wapu no Mi,https://onepiece.fandom.com/wiki/Wapu_Wapu_no_Mi,Paramecia,,True,Allows the user to teleport themselves and others from place to place,ワプワプの実,,Warp-Warp Fruit,Warp,Chapter 1063 ; Episode 1093,Paramecia,,Van Augur
Riki Riki no Mi,https://onepiece.fandom.com/wiki/Riki_Riki_no_Mi,Paramecia,,True,Grants its user incredible strength,リキリキの実,,Strong-Strong Fruit,Strength,Chapter 1063 ; Episode 1093,Paramecia,,Jesus Burgess
Nomi Nomi no Mi,https://onepiece.fandom.com/wiki/Nomi_Nomi_no_Mi,Paramecia,,True,"Allows the user's brain to expand indefinitely with new knowledge, making the user a Brains Human",ノミノミの実,,Brain-Brain Fruit,Brains,Chapter 1066 ; Episode 1096,Paramecia,Vegapunk,
Shima Shima no Mi,https://onepiece.fandom.com/wiki/Shima_Shima_no_Mi,Paramecia,,True,"Grants the ability to merge with an island's environment and manipulate it, making the user an Island Human",シマシマの実,,Isle-Isle Fruit,Island,Chapter 1080 ; Episode 1113,Paramecia,,Avalo Pizarro
Gabu Gabu no Mi,https://onepiece.fandom.com/wiki/Gabu_Gabu_no_Mi,Paramecia,,True,Makes the user a Liquor Human,ガブガブの実,,Glug-Glug Fruit,Gulping down a drink,Chapter 1087 ; Episode 1121,Paramecia,,Vasco Shot
Muchi Muchi no Mi,https://onepiece.fandom.com/wiki/Muchi_Muchi_no_Mi,Paramecia,,True,"Allows the user to use whips to command anything they hit, turning the user into a Training Human",ムチムチの実,,Whip-Whip Fruit,Whip,Chapter 1080 ; Episode 1113,Paramecia,,Kujaku
Nori Nori no Mi,https://onepiece.fandom.com/wiki/Nori_Nori_no_Mi,Paramecia,,True,"Allows the user to control anything they ride, turning them into a Driving Human",ノリノリの実,,Ride-Ride Fruit,Ride,Chapter 1094 ; Episode 1128,Paramecia,,Bluegrass
Tsutsu Tsutsu no Mi,https://onepiece.fandom.com/wiki/Tsutsu_Tsutsu_no_Mi,Paramecia,,True,"Allows the user to transform their head into a cannon, turning them into a Cannon Human",ツツツツの実,,,Gun barrel,Chapter 1095 ; Episode 1129,Paramecia,,Urban
Iku Iku no Mi,https://onepiece.fandom.com/wiki/Iku_Iku_no_Mi,Paramecia,,True,Allows the user to make inanimate objects in their care grow larger as though they were living organisms,イクイクの実,,Grow-Grow Fruit,Raise Up,Chapter 1134,Paramecia,,Biblo
Aro Aro no Mi,https://onepiece.fandom.com/wiki/Aro_Aro_no_Mi,Paramecia,,True,"Grants the user the ability to generate and control tangible vectorial arrows capable of manipulating motion and its properties, making them an Arrow Human",アロアロの実,,Arrow-Arrow Fruit,Arrow,Chapter 1135,Paramecia,,Manmayer Gunko
Iba Iba no Mi,https://onepiece.fandom.com/wiki/Iba_Iba_no_Mi,Paramecia,,True,"Grants the power to create and manipulate thorns and thorn-covered vines, making the user a Thorn Human",イバイバの実,,Thorn-Thorn Fruit,Thorn,Chapter 1143,Paramecia,,Shepherd Sommers
Goe Goe no Mi,https://onepiece.fandom.com/wiki/Goe_Goe_no_Mi,Paramecia,,,Allows the user to create beams of sound that look like energy beams by shouting,ゴエゴエの実,,Goe Goe Fruit ( Manga Entertainment ) Scream Scream Fruit ( BStation ),Shouting,Movie 1,Paramecia,,Eldoraggo
Hiso Hiso no Mi,https://onepiece.fandom.com/wiki/Hiso_Hiso_no_Mi,Paramecia,,,"Allows the user to understand the heart of an animal; in other words, it allows them to ""speak"" telepathically to animals",ヒソヒソの実,,Whisper-Whisper Fruit; Fruit of whisper (Odex),Whisperingly,Episode 54,Paramecia,,Apis
Kama Kama no Mi,https://onepiece.fandom.com/wiki/Kama_Kama_no_Mi,Paramecia,,,"Gives the user long, sharp nails that they can use to create slicing air blades",カマカマの実,,Sickle-Sickle Fruit; Slash-Slash Fruit (Odex),Sickle,Episode 56,Paramecia,,Eric
Kachi Kachi no Mi,https://onepiece.fandom.com/wiki/Kachi_Kachi_no_Mi,Paramecia,,,Allows the body of the user to harden and heat up their body at will,カチカチの実,,Hard-Hard Fruit ( BStation ),Sound of knocking stones together to create a fire,Clockwork Island Adventure,Paramecia,,Bear King
Nemu Nemu no Mi,https://onepiece.fandom.com/wiki/Nemu_Nemu_no_Mi,Paramecia,,,Grants the user the ability to make anyone fall asleep,ネムネムの実,,,Sleep,One Piece: Ocean's Dream,Paramecia,,Noko
Mini Mini no Mi,https://onepiece.fandom.com/wiki/Mini_Mini_no_Mi,Paramecia,,,Allows the user to become smaller than their actual size,ミニミニの実,,Mini-Mini Fruit,Miniature,One Piece: Round the Land ( Blyue ) Episode 575 ( Lily Enstomach ),Paramecia,,Blyue (game); Lily Enstomach (anime)
Atsu Atsu no Mi,https://onepiece.fandom.com/wiki/Atsu_Atsu_no_Mi,Paramecia,,,"Gives the user the ability to produce and control vast amounts of heat, making them a 10,000 Degree Human",アツアツの実,,Hot-Hot Fruit,Hot,Episode 326,Paramecia,,Don Accino
Noko Noko no Mi,https://onepiece.fandom.com/wiki/Noko_Noko_no_Mi,Paramecia,,,"Allows the user to create and control poisonous mushroom spores, turning them into a Poison Spore Human",ノコノコの実,,Shroom-Shroom Fruit (Funimation) Noko Noko Fruit (Manga Entertainment),Mushroom,Movie 9,Paramecia,,Musshuru Wapol (movie)
Ami Ami no Mi,https://onepiece.fandom.com/wiki/Ami_Ami_no_Mi,Paramecia,,,Allows the user to produce nets from their body,アミアミの実,,Net-Net Fruit,Net,Episode 427,Paramecia,,Largo
Kopi Kopi no Mi,https://onepiece.fandom.com/wiki/Kopi_Kopi_no_Mi,Paramecia,,,Allows the user to copy other people's appearances and abilities,コピコピの実,,,Copy,One Piece Premier Show 2012,Paramecia,,Chameleone
Mosa Mosa no Mi,https://onepiece.fandom.com/wiki/Mosa_Mosa_no_Mi,Paramecia,,,Grants the user the ability to accelerate the growth rate of plants and control them to their desire,モサモサの実,,Grow-Grow Fruit,Plants growing at a rapid pace,Movie 12,Paramecia,,Binz
Modo Modo no Mi,https://onepiece.fandom.com/wiki/Modo_Modo_no_Mi,Paramecia,,,"Grants the user the ability to generate pink energy which returns anyone and anything twelve years younger, which lets the user become a Return Return Human",モドモドの実,,Return-Return Fruit (Funimation) Back-Back Fruit ( Treasure Cruise ),Return,Episode 577 ; Movie 12,Paramecia,,Ain
Gutsu Gutsu no Mi,https://onepiece.fandom.com/wiki/Gutsu_Gutsu_no_Mi,Paramecia,,,"Allows the user to turn their body into a blast furnace and melt metals inside it, making them a Blast Furnace Human",グツグツの実,,Smelt-Smelt Fruit,Sound of boiling,One Piece Premier Show 2013 ( Lambor Bukini ) Episode 746 ( Bill ),Paramecia,,Lambor Bukini ( Premier Show ) Bill (anime)
Peto Peto no Mi,https://onepiece.fandom.com/wiki/Peto_Peto_no_Mi,Paramecia,,,"Allows the user to control any living creature by giving them a green, gel-like collar",ペトペトの実,,Pet-Pet Fruit (Funimation) Peto-Peto Fruit (Crunchyroll),Pet,Episode 625,Paramecia,,Breed
Kone Kone no Mi,https://onepiece.fandom.com/wiki/Kone_Kone_no_Mi,Paramecia,,,Allows the user to transform individuals into different people,コネコネの実,,,Knead,One Piece Premier Show 2014,Paramecia,,Bildy
Moa Moa no Mi,https://onepiece.fandom.com/wiki/Moa_Moa_no_Mi,Paramecia,,,Allows the user to amplify the size or speed of any object they touch,モアモアの実,,More-More Fruit,More,3D 2Y,Paramecia,,Byrnndi World
Kyubu Kyubu no Mi,https://onepiece.fandom.com/wiki/Kyubu_Kyubu_no_Mi,Paramecia,,,,キュブキュブの実,,Cube-Cube Fruit,Cube,3D 2Y,Paramecia,,Gairam
Maji Maji no Mi,https://onepiece.fandom.com/wiki/Maji_Maji_no_Mi,Paramecia,,,"Allows the user to use magic techniques resembling the parlor tricks of stage magicians, making the user a Magic Human",マジマジの実,Maji Maji no Mi,,Magic,Lucy & Lucy Coliseum the Battle!,Paramecia,,Inchikin
Nito Nito no Mi,https://onepiece.fandom.com/wiki/Nito_Nito_no_Mi,Paramecia,,,"Gives the user the abilities of nitroglycerin , making them a Nitroglycerin Human",ニトニトの実,,,Nitro,One Piece Premier Show 2015,Paramecia,,Bürst
Hore Hore no Mi,https://onepiece.fandom.com/wiki/Hore_Hore_no_Mi,Paramecia,,,Makes its user an Aphrodisiac​ Human,ホレホレの実,,,Fall in Love,One Piece Premier Show 2015,Paramecia,,Bonbon
Nuke Nuke no Mi,https://onepiece.fandom.com/wiki/Nuke_Nuke_no_Mi,Paramecia,,,Allows the user to phase through solid objects,ヌケヌケの実,,"Through-Through Fruit (Funimation) Phase-Phase Fruit ( Treasure Cruise , BStation )",Escape,Movie 13 ; Episode 747,Paramecia,,Tanaka
Koro Koro no Mi,https://onepiece.fandom.com/wiki/Koro_Koro_no_Mi,Paramecia,,,"Allows the user to turn their hands and feet into train wheels, making them a Rail Car Human",コロコロの実,,Roll-Roll Fruit,Sound of rolling,Episode 747,Paramecia,,Aveyron
Jara Jara no Mi,https://onepiece.fandom.com/wiki/Jara_Jara_no_Mi,Paramecia,,,"Allows the user to grow chains from their body, making them a Chain Human",ジャラジャラの実,,Chain-Chain Fruit,Jangling,Heart of Gold,Paramecia,,Mad Treasure
Iro Iro no Mi,https://onepiece.fandom.com/wiki/Iro_Iro_no_Mi,Paramecia,,,"Allows the user to create paint to camouflage or disguise people and objects, making the user a Camouflage Human",イロイロの実,,Color-Color Fruit,Color,Heart of Gold,Paramecia,,Psycho P
Goru Goru no Mi,https://onepiece.fandom.com/wiki/Goru_Goru_no_Mi,Paramecia,,,Allows the user to telekinetically manipulate gold at will,ゴルゴルの実,,Gol-Gol Fruit,Gold,Movie 13,Paramecia,,Gild Tesoro
Raki Raki no Mi,https://onepiece.fandom.com/wiki/Raki_Raki_no_Mi,Paramecia,,,"Allows the user to steal another person's luck by touching them, making the user extremely lucky and the victim extremely unlucky",ラキラキの実,,Luck-Luck Fruit ( Funimation ) Lucky-Lucky Fruit ( BStation ),Lucky,Movie 13,Paramecia,,Baccarat
Nepa Nepa no Mi,https://onepiece.fandom.com/wiki/Nepa_Nepa_no_Mi,Paramecia,,,"Allows the user to generate heat waves, making the user a Heat Wave Human",ネパネパの実,,,Heat wave,One Piece Premier Show 2016,Paramecia,,Wilder
Mono Mono no Mi,https://onepiece.fandom.com/wiki/Mono_Mono_no_Mi,Paramecia,,,"Allows the user to create clones of people and objects, making them a Recreation Human",モノモノの実,,,Thing,One Piece Premier Show 2016,Paramecia,,Pokke
Bijo Bijo no Mi,https://onepiece.fandom.com/wiki/Bijo_Bijo_no_Mi,Paramecia,,,"Allows the user to ""phantomize,"" or create illusory images, of any picture the user touches",ビジョビジョの実,,Bijo-Bijo Fruit (Live Attraction) Viso-Viso Fruit (Funimation) Vision-Vision Fruit (VIZ) Vision Vision no Mi ( BStation ),Vision,One Piece Live Attraction: Phantom ; One Piece: Stampede,Paramecia,,Ann
Ute Ute no Mi,https://onepiece.fandom.com/wiki/Ute_Ute_no_Mi,Paramecia,,,"Allows the user to turn anything into a gun, making them a Firing Human",ウテウテの実,,,Shoot,One Piece Premier Show 2017,Paramecia,,Bad One Gracie
Pocha Pocha no Mi,https://onepiece.fandom.com/wiki/Pocha_Pocha_no_Mi,Paramecia,,,"Allows the user to add excess fat on an opponent's body, making the user a Flab Human",ポチャポチャの実,,,Chubby or plump,One Piece Premier Show 2017,Paramecia,,Neiro
Bana Bana no Mi,https://onepiece.fandom.com/wiki/Bana_Bana_no_Mi,Paramecia,,,Allows the user to turn their jealousy into heat and flames,バナバナの実,Bana Bana no Mi,,Burner,One Piece Premier Show 2018,Paramecia,,Bounty
Deri Deri no Mi,https://onepiece.fandom.com/wiki/Deri_Deri_no_Mi,Paramecia,,,"Allows the user to deliver an object to any target within view, making the user a Delivery Human",デリデリの実,Deri Deri no Mi,,Delivery,One Piece Premier Show 2018,Paramecia,,Prize
Dero Dero no Mi,https://onepiece.fandom.com/wiki/Dero_Dero_no_Mi,Paramecia,,,"Allows the user to dissolve anything into a liquid, making the user a Dissolving Human",デロデロの実,,Melt-Melt Fruit,,One Piece novel Law Chapter 3,Paramecia,,Artur Bacca
Peke Peke no Mi,https://onepiece.fandom.com/wiki/Peke_Peke_no_Mi,Paramecia,,,Allows the user to transform other people into clones of Peketan,ぺケぺケの実,,,Peketan,Fischer's x One Piece Chapter 2,Paramecia,,Peketan
Gemu Gemu no Mi,https://onepiece.fandom.com/wiki/Gemu_Gemu_no_Mi,Paramecia,,,Allows the user to transport other people into a game-like world,ゲムゲムの実,,,Game,Fischer's x One Piece Chapter 5,Paramecia,,Dama's tablet
Kyara Kyara no Mi,https://onepiece.fandom.com/wiki/Kyara_Kyara_no_Mi,Paramecia,,,"Provides consciousness to non-living souls, as well as allowing the soul to merge with others",キャラキャラの実,,,Character,Fischer's x One Piece Chapter 10,Paramecia,,Lip Shark
Basu Basu no Mi,https://onepiece.fandom.com/wiki/Basu_Basu_no_Mi,Paramecia,,,"Allows the user to turn anything they touch into a bomb, making them a Bomb Transformation Human",バスバスの実,,,,One Piece Premier Show 2019,Paramecia,,Balzac
Gasha Gasha no Mi,https://onepiece.fandom.com/wiki/Gasha_Gasha_no_Mi,Paramecia,,,"Allows the user to telekinetically disassemble objects and reassemble them into whatever they please, making them an Assimilation Human",ガシャガシャの実,,Clank-Clank Fruit,Sound of metal clanking,One Piece: Stampede,Paramecia,,Douglas Bullet
Nibi Nibi no Mi,https://onepiece.fandom.com/wiki/Nibi_Nibi_no_Mi,Paramecia,,,"Allows the user to take the appearance of the deceased, making them an Onibi Human",ニビニビの実,Nibi Nibi no mi,,,One Piece Premier Show 2021,Paramecia,,Kardia
Nori Nori no Mi,https://onepiece.fandom.com/wiki/Nori_Nori_no_Mi_(Non-Canon),Paramecia,,,"Allows the user to force people to dance, making the user a Dance Human",ノリノリの実,Nori Nori no Mi,,,One Piece Premier Show 2021,Paramecia,,Herz
Chuni Chuni no Mi,https://onepiece.fandom.com/wiki/Chuni_Chuni_no_Mi,Paramecia,,,"Allows the user to ""tune"" abilities and powers, making the user a Tuning Human",チュニチュニの実,,,Tuning,One Piece Premier Show 2022,Paramecia,,Yehudi
Uta Uta no Mi,https://onepiece.fandom.com/wiki/Uta_Uta_no_Mi,Paramecia,,,Allows the user to teleport people's consciousnesses into a virtual space by singing,ウタウタの実,,Sing-Sing Fruit,Song,One Piece Film: Red,Paramecia,An unknown user who summoned Tot Musica,Uta
Kote Kote no Mi,https://onepiece.fandom.com/wiki/Kote_Kote_no_Mi,Paramecia,,,Allows the user to summon large gauntlets with which they can grab and manipulate any non-living thing,コテコテの実,,Grab-Grab Fruit,Gauntlet,One Piece Odyssey,Paramecia,,Adio Suerte
Mari Mari no Mi,https://onepiece.fandom.com/wiki/Mari_Mari_no_Mi,Paramecia,,,"Allows the user to create copies of people and command them, turning them into a Marionette Human",マリマリの実,,,Marionette,One Piece Premier Show 2023,Paramecia,,Ven Vendler
Shuku Shuku no Mi,https://onepiece.fandom.com/wiki/Shuku_Shuku_no_Mi,Paramecia,,,"Allows the user to compress things, making the user a Compression Human",シュクシュクの実,,,Compression,One Piece Premier Show 2024,Paramecia,,Bolster
Homi Homi no Mi,https://onepiece.fandom.com/wiki/Homi_Homi_no_Mi,Paramecia,,,"Allows the user to make objects they hold fly to specific spot, making the user a Homing Human",ホミホミの実,,,Homing,One Piece Premier Show 2024,Paramecia,,Homming
Mabo Mabo no Mi,https://onepiece.fandom.com/wiki/Mabo_Mabo_no_Mi,Paramecia,,,"Allows the user to create illusions based on people's memories, making the user a Phantom Human",マボマボの実,,,Phantom,One Piece Premier Show 2024,Paramecia,,Fanto
Kado Kado no Mi,https://onepiece.fandom.com/wiki/Kado_Kado_no_Mi,Paramecia,,,,ワンピカードくん,Wanpi Kādo-kun,,,,,,
Riba Riba no Mi,https://onepiece.fandom.com/wiki/Riba_Riba_no_Mi,Paramecia,,,"Allows the user to reverse time around them, making the user a Reverse Human",リバリバの実,,Reverse-Reverse Fruit,Reverse,One Piece Premier Show 2025,Paramecia,,Snitcher
"Ushi Ushi no Mi, Model: Bison","https://onepiece.fandom.com/wiki/Ushi_Ushi_no_Mi,_Model:_Bison",Zoan,Standard,True,Allows its user to transform into a full bison or a half-bison hybrid at will,ウシウシの実 モデル 野牛,"Ushi Ushi no Mi, Moderu: Baison","Ox-Ox Fruit (4Kids); Ox-Ox Fruit, Bison Model (Viz); Ox-Ox Fruit, Bison Form (Funimation dub); Ox-Ox Fruit Model Bison (Funimation subs)",Cow,Chapter 135 ; Episode 81,Zoan,,Dalton
Hito Hito no Mi,https://onepiece.fandom.com/wiki/Hito_Hito_no_Mi,Zoan,Standard,True,Allows its user to transform into a human hybrid or a human at will,ヒトヒトの実,,Human-Human Fruit,Human,Chapter 138 ; Episode 83,Zoan,,Tony Tony Chopper
"Tori Tori no Mi, Model: Falcon","https://onepiece.fandom.com/wiki/Tori_Tori_no_Mi,_Model:_Falcon",Zoan,Standard,True,Allows its user to transform into a falcon hybrid and a full falcon at will,トリトリの実 モデル “ 隼 ”,"Tori Tori no Mi Moderu ""Farukon""",Tweet-Tweet Fruit (4Kids); Tweet-Tweet Fruit Falcon Type (Viz); Bird-Bird Fruit Model: The Falcon (Funimation),Bird,Chapter 169 ; Episode 106,Zoan,,Pell
"Inu Inu no Mi, Model: Dachshund","https://onepiece.fandom.com/wiki/Inu_Inu_no_Mi,_Model:_Dachshund",Zoan,Standard,True,Allows its user to transform into a dachshund hybrid and a full dachshund at will,イヌイヌの実 モデル「ダックスフント」,"Inu Inu no Mi, Moderu: Dakkusufunto","Mutt-Mutt Fruit, Dachshund Type ( Viz ); Mutt-Mutt Fruit ( 4Kids ); Mutt-Mutt Fruit Dachshund Variety ( Funimation dub); Mutt-Mutt Fruit Dachshund Model ( Funimation subs)",Dog,Chapter 184 ; Episode 113,Zoan,,Lassoo
Mogu Mogu no Mi,https://onepiece.fandom.com/wiki/Mogu_Mogu_no_Mi,Zoan,Standard,True,"Allows its user to transform into a mole hybrid and a full mole at will, making the user a Mole Human",モグモグの実,,"Mole-Mole Fruit (Funimation); Diggy-Diggy Fruit (Viz, 4Kids)","From Mogura (土竜), meaning Mole",Chapter 184 ; Episode 113,Zoan,,Drophy
"Inu Inu no Mi, Model: Jackal","https://onepiece.fandom.com/wiki/Inu_Inu_no_Mi,_Model:_Jackal",Zoan,Standard,True,Allows its user to transform into a jackal hybrid and a full jackal at will,イヌイヌの実 モデル「ジャッカル」,"Inu Inu no Mi, Moderu: Jakkaru","Dog-Dog Fruit, Model: Jackal ( Funimation ) ; Mutt-Mutt Fruit: Jackal Model ( VIZ ) ; Mutt-Mutt Fruit: Jackal Strike ( 4Kids ) Inu Inu no Mi, Model Jackal ( BStation )",Dog,Chapter 196 ; Episode 120,Zoan,,Chaka
Uma Uma no Mi,https://onepiece.fandom.com/wiki/Uma_Uma_no_Mi,Zoan,Standard,True,Allows its user to transform into a horse hybrid and a full horse at will,ウマウマの実,,Horse-Horse Fruit,Horse,Chapter 238 ; Episode 153,Zoan,,Pierre
"Neko Neko no Mi, Model: Leopard","https://onepiece.fandom.com/wiki/Neko_Neko_no_Mi,_Model:_Leopard",Zoan,Standard,True,"Allows its user to transform into a leopard hybrid and a full leopard at will, making the user a Leopard Human",ネコネコの実 モデル“ 豹 ”,"Neko Neko no Mi, Moderu: Reoparudo","Cat-Cat Fruit Leopard Model ( VIZ ); Cat-Cat Fruit, Model: Leopard (VIZ, Funimation )",Cat,Chapter 348 ; Episode 245,Zoan,,Rob Lucci
Zou Zou no Mi,https://onepiece.fandom.com/wiki/Zou_Zou_no_Mi,Zoan,Standard,True,Allows the user to transform into an elephant hybrid and a full elephant at will,ゾウゾウの実,Zō Zō no Mi,"Eleph-Eleph Fruit (Viz, ONE PIECE Official Youtube Channel); Elephant-Elephant Fruit (Funimation, Viz)",Elephant,Chapter 400 ; Episode 285,Zoan,,Funkfreed
"Inu Inu no Mi, Model: Wolf","https://onepiece.fandom.com/wiki/Inu_Inu_no_Mi,_Model:_Wolf",Zoan,Standard,True,"Allows its user to transform into a wolf hybrid  and a full wolf at will, making the user a Wolf Human",イヌイヌの実 モデル「 狼 」,"Inu Inu no Mi, Moderu: Urufu",Mutt-Mutt Fruit Wolf Model (Viz) Dog-Dog Fruit Model Wolf (Funimation),Dog,Chapter 401 ; Episode 286,Zoan,,Jabra
"Ushi Ushi no Mi, Model: Giraffe","https://onepiece.fandom.com/wiki/Ushi_Ushi_no_Mi,_Model:_Giraffe",Zoan,Standard,True,"Allows its user to transform into a giraffe hybrid and a full giraffe at will, making the user a Giraffe Human",ウシウシの実 モデル“ 麒麟 ”,"Ushi Ushi no Mi, Moderu: Jirafu","Ox-Ox Fruit, Model: Giraffe (Funimation); Ox-Ox Fruit Giraffe Model (VIZ)","Cow, Giraffe",Chapter 401 ; Episode 286 ( Kaku ) episode A Chapter 3 ( New World pirate ) (Non-Canon) ≠,Zoan,Unnamed New World pirate (Non-Canon) ≠,Kaku
"Hebi Hebi no Mi, Model: King Cobra","https://onepiece.fandom.com/wiki/Hebi_Hebi_no_Mi,_Model:_King_Cobra",Zoan,Standard,True,Allows its user to turn into a king cobra hybrid and a full king cobra at will,ヘビヘビの実 モデル キングコブラ,Hebi Hebi no Mi Moderu Kingukobura,"Snake-Snake Fruit King Cobra Model (Viz); Snake-Snake Fruit, Model: King Cobra (FUNimation)",Snake,Chapter 518 ; Episode 412,Zoan,,Boa Marigold
"Hebi Hebi no Mi, Model: Anaconda","https://onepiece.fandom.com/wiki/Hebi_Hebi_no_Mi,_Model:_Anaconda",Zoan,Standard,True,Allows its user to transform into an anaconda hybrid and a full anaconda at will,ヘビヘビの実 モデル アナコンダ,"Hebi Hebi no Mi, Moderu: Anakonda",Snake-Snake Fruit Anaconda Model (Viz); Snake-Snake Fruit: Model Anaconda (FUNimation),Snake,Chapter 518 ; Episode 412,Zoan,,Boa Sandersonia
Kame Kame no Mi,https://onepiece.fandom.com/wiki/Kame_Kame_no_Mi,Zoan,Standard,True,Allows the user to become a turtle hybrid and full turtle at will,カメカメの実,,Turtle-Turtle Fruit,Turtle,Chapter 652 ; Episode 572,Zoan,,Pekoms
"Sara Sara no Mi, Model: Axolotl","https://onepiece.fandom.com/wiki/Sara_Sara_no_Mi,_Model:_Axolotl",Zoan,Standard,True,Allows its user to turn into an axolotl hybrid and a full axolotl at will,"サラサラの実 モデル""アホロートル""",Sara Sara no Mi: Moderu Ahorōtoru,"Sala-Sala Fruit, Model: Axolotl",Salamander,Chapter 668 ; Episode 594,Zoan,Smiley,
"Mushi Mushi no Mi, Model: Kabutomushi","https://onepiece.fandom.com/wiki/Mushi_Mushi_no_Mi,_Model:_Kabutomushi",Zoan,Standard,True,Allows its user to transform into a rhinoceros beetle hybrid and full rhinoceros beetle at will,ムシムシの実 モデルカブトムシ,"Mushi Mushi no Mi, Moderu: Kabutomushi","Bug-Bug Fruit, Model: Rhinoceros beetle",Insect; Rhinoceros Beetle,Chapter 718 ; Episode 648,Zoan,,Kabu
"Mushi Mushi no Mi, Model: Suzumebachi","https://onepiece.fandom.com/wiki/Mushi_Mushi_no_Mi,_Model:_Suzumebachi",Zoan,Standard,True,Allows its user to transform into a hornet hybrid and full hornet at will,ムシムシの実 モデルスズメバチ,"Mushi Mushi no Mi, Moderu: Suzumebachi","Bug-Bug Fruit, Model: Hornet",Insect; Hornet,Chapter 718 ; Episode 648,Zoan,,Bian
Tama Tama no Mi,https://onepiece.fandom.com/wiki/Tama_Tama_no_Mi,Zoan,Standard,True,"Turns the user's body composition into that of an egg, which if cracked open will cause the user to regenerate into a stronger body that features more and more chicken-like features each time",タマタマの実,,Egg-Egg Fruit,Egg,Chapter 850 ; Episode 816,Zoan,,Tamago
"Tori Tori no Mi, Model: Albatross","https://onepiece.fandom.com/wiki/Tori_Tori_no_Mi,_Model:_Albatross",Zoan,Standard,True,Allows its user to transform into an albatross hybrid and a full albatross at will,トリトリの実 モデル“アルバトロス”,Tori Tori no Mi Moderu Arubatorosu,"Bird-Bird Fruit, Model: Albatross Tweet-Tweet Fruit, Albatross Model (Crunchyroll subs)","Bird, Albatross",Chapter 860 ; Episode 830,Zoan,,Morgans
"Inu Inu no Mi, Model: Tanuki","https://onepiece.fandom.com/wiki/Inu_Inu_no_Mi,_Model:_Tanuki",Zoan,Standard,True,Allows its user to transform into a tanuki hybrid and a full tanuki at will,イヌイヌの実 モデル たぬき,"Inu Inu no Mi, Moderu: Tanuki","Dog-Dog Fruit, Model Tanuki","Dog, Tanuki",Chapter 911 ; Episode 894,Zoan,,Bunbuku
Batto Batto no Mi,https://onepiece.fandom.com/wiki/Batto_Batto_no_Mi,Zoan,Standard,True,Allows its user to transform into a bat hybrid and a full bat at will,バットバットの実,,Bat-Bat Fruit,Bat,Chapter 1072 ; Episode 1104,Zoan,,Stussy
Rako Rako no Mi,https://onepiece.fandom.com/wiki/Rako_Rako_no_Mi,Zoan,Standard,True,"Allows its user to transform into a sea otter hybrid and a full sea otter at will, making the user a Sea Otter Human",ラコラコの実,,Otter-Otter Fruit,Sea Otter,Chapter 1094 ; Episode 1128,Zoan,,Pomsky
"Inu Inu no Mi, Model: Hound","https://onepiece.fandom.com/wiki/Inu_Inu_no_Mi,_Model:_Hound",Zoan,Standard,True,Allows its user to transform into a hound hybrid and a full hound at will,イヌイヌの実 モデル 猟犬,Inu Inu no Mi Moderu Haundo,,"Dog, Hound",SBS Volume 110 (mentioned),Zoan,,Hound
"Tori Tori no Mi, Model: Eagle","https://onepiece.fandom.com/wiki/Tori_Tori_no_Mi,_Model:_Eagle",Zoan,Standard,,Allows its user to transform into an eagle hybrid and a full eagle at will,"トリトリの実 モデル"" 鷲 ""","Tori Tori no Mi: Moderu ""Īguru""",Tori Tori Fruit Model Eagle ( BStation ),Bird,Movie 11,Zoan,,Buzz
"Ryu Ryu no Mi, Model: Allosaurus","https://onepiece.fandom.com/wiki/Ryu_Ryu_no_Mi,_Model:_Allosaurus",Zoan,Ancient,True,Allows the user to transform into an allosaurus hybrid and a full allosaurus at will,リュウリュウの実 モデル アロサウルス,Ryū Ryū no Mi Moderu Arosaurusu,"Dragon-Dragon Fruit, Allosaurus Model","Dragon, Dinosaur",Chapter 509 ; Episode 402,Ancient Zoan,,X Drake
"Zou Zou no Mi, Model: Mammoth","https://onepiece.fandom.com/wiki/Zou_Zou_no_Mi,_Model:_Mammoth",Zoan,Ancient,True,Allows the user to transform into a mammoth hybrid and full mammoth at will,"ゾウゾウの実 モデル ""マンモス""","Zō Zō no Mi Moderu ""Manmosu""",Eleph-Eleph Fruit Ancient Zoan Model Mammoth,Elephant,Chapter 807 ; Episode 757,Ancient Zoan,,Jack
"Ryu Ryu no Mi, Model: Spinosaurus","https://onepiece.fandom.com/wiki/Ryu_Ryu_no_Mi,_Model:_Spinosaurus",Zoan,Ancient,True,Allows the user to transform into a spinosaurus hybrid and a full spinosaurus at will,リュウリュウの実 モデル スピノサウルス,Ryū Ryū no Mi Moderu Supinosaurusu,"Dragon-Dragon Fruit, Model: Spinosaurus","Dragon, Dinosaur",Chapter 929 ; Episode 923,Ancient Zoan,,Page One
"Ryu Ryu no Mi, Model: Pteranodon","https://onepiece.fandom.com/wiki/Ryu_Ryu_no_Mi,_Model:_Pteranodon",Zoan,Ancient,True,Allows the user to transform into a pteranodon hybrid and a full pteranodon at will,リュウリュウの実 モデル プテラノドン,Ryū Ryū no Mi Moderu Puteranodon,"Dragon-Dragon Fruit, Pteranodon Model","Dragon, Pteranodon",Chapter 930 ; Episode 924,Ancient Zoan,,King
"Ryu Ryu no Mi, Model: Brachiosaurus","https://onepiece.fandom.com/wiki/Ryu_Ryu_no_Mi,_Model:_Brachiosaurus",Zoan,Ancient,True,Allows the user to transform into a brachiosaurus hybrid and a full brachiosaurus at will,リュウリュウの実 モデル ブラキオサウルス,Ryū Ryū no Mi Moderu Burakiosaurusu,"Dragon-Dragon Fruit, Model: Brachiosaurus","Dragon, Brachiosaurus",Chapter 945 ; Episode 944,Ancient Zoan,,Queen
"Ryu Ryu no Mi, Model: Pachycephalosaurus","https://onepiece.fandom.com/wiki/Ryu_Ryu_no_Mi,_Model:_Pachycephalosaurus",Zoan,Ancient,True,Allows the user to transform into a hybrid and full version of a pachycephalosaurus at will,リュウリュウの実 モデル パキケファロサウルス,Ryū Ryū no Mi Moderu Pakikefarosaurusu,"Dragon-Dragon Fruit, Pachycephalosaurus Model","Dragon, Dinosaur",Chapter 983 ; Episode 990,Ancient Zoan,,Ulti
"Ryu Ryu no Mi, Model: Triceratops","https://onepiece.fandom.com/wiki/Ryu_Ryu_no_Mi,_Model:_Triceratops",Zoan,Ancient,True,Allows the user to transform into a hybrid and full version of a triceratops at will,リュウリュウの実 モデル トリケラトプス,Ryū Ryū no Mi Moderu Torikeratopusu,"Dragon-Dragon Fruit, Triceratops Model","Dragon, Dinosaur",Chapter 998 ; Episode 1012,Ancient Zoan,,Sasaki
"Kumo Kumo no Mi, Model: Rosamygale Grauvogeli","https://onepiece.fandom.com/wiki/Kumo_Kumo_no_Mi,_Model:_Rosamygale_Grauvogeli",Zoan,Ancient,True,"Allows the user to transform into a hybrid and full version of a Rosamygale grauvogeli , an ancient species of spider",クモクモの実 モデル ロサミガレ・グラウボゲリィ,Kumo Kumo no Mi Moderu Rosamigare Guraubogerī,"Spider-Spider Fruit, Rosamygale Grauvogeli Model",Spider,Chapter 997 ; Episode 1011,Ancient Zoan,,Black Maria
"Neko Neko no Mi, Model: Saber Tiger","https://onepiece.fandom.com/wiki/Neko_Neko_no_Mi,_Model:_Saber_Tiger",Zoan,Ancient,True,Allows the user to transform into a hybrid and full version of a saber-toothed tiger at will,ネコネコの実 モデル サーベルタイガー,Neko Neko no Mi Moderu Sāberutaigā,"Cat-Cat Fruit, Saber-Toothed Tiger Model",Cat,Chapter 998 ; Episode 1012,Ancient Zoan,,Who's-Who
"Hito Hito no Mi, Model: Nika",https://onepiece.fandom.com/wiki/Gomu_Gomu_no_Mi,Zoan,Mythical,True,"Grants the user's body the properties of rubber, effectively making them a Rubber Human",ゴムゴムの実 ヒトヒトの実 モデル「ニカ」,Gomu Gomu no Mi Hito Hito no Mi Moderu Nika,"Gum-Gum Fruit Human-Human Fruit, Model: Nika",Rubber Human; Nika,Chapter 1 ; Episode 1,Paramecia Mythical Zoan,Joy Boy,Monkey D. Luffy
"Tori Tori no Mi, Model: Phoenix","https://onepiece.fandom.com/wiki/Tori_Tori_no_Mi,_Model:_Phoenix",Zoan,Mythical,True,"Grants the power to transform into a phoenix and half-phoenix hybrid at will, as well as self-regenerate  using blue phoenix flames",トリトリの実 モデル 不死鳥,Tori Tori no Mi Moderu Fenikkusu,"Tweet-Tweet Fruit, Phoenix Model (Crunchyroll subs) Bird-Bird Fruit, Model: Phoenix (Crunchyroll dub, OP Official YouTube Channel)",Bird; Phoenix (Immortal Bird),Chapter 553 ; Episode 463,Mythical Zoan,,Marco
"Hito Hito no Mi, Model: Daibutsu","https://onepiece.fandom.com/wiki/Hito_Hito_no_Mi,_Model:_Daibutsu",Zoan,Mythical,True,Allows its user to transform into a Daibutsu  at will,ヒトヒトの実 モデル“大仏”,"Hito Hito no Mi, Moderu: Daibutsu","Human-Human Fruit, Model: Buddha","Human, Great Buddha",Chapter 571 ; Episode 480,Mythical Zoan,,Sengoku
"Uo Uo no Mi, Model: Seiryu","https://onepiece.fandom.com/wiki/Uo_Uo_no_Mi,_Model:_Seiryu",Zoan,Mythical,True,Allows its user to transform into a hybrid and full Azure Dragon at will,"ウオウオの実 モデル ""青龍""","Uo Uo no Mi Moderu ""Seiryū""","Fish-Fish Fruit, Model: Azure Dragon Fish-Fish Fruit, Azure Dragon Model","Fish, Azure Dragon",Chapter 921 ; Episode 912,Mythical Zoan,,Kaidou (Natural) Kouzuki Momonosuke (Artificial)
"Inu Inu no Mi, Model: Kyubi no Kitsune","https://onepiece.fandom.com/wiki/Inu_Inu_no_Mi,_Model:_Kyubi_no_Kitsune",Zoan,Mythical,True,Allows the user to transform into a nine-tailed fox,イヌイヌの実 モデル九尾の狐,Inu Inu no Mi Moderu Kyūbi no Kitsune,"Dog-Dog Fruit, Model: Nine Tailed Fox",Dog; Nine-tailed fox,Chapter 925 ; Episode 917,Mythical Zoan,,Catarina Devon
"Hebi Hebi no Mi, Model: Yamata no Orochi","https://onepiece.fandom.com/wiki/Hebi_Hebi_no_Mi,_Model:_Yamata_no_Orochi",Zoan,Mythical,True,"Allows the user to transform into a hybrid and full version of the Yamata no Orochi, an eight-headed snake or dragon in Japanese mythology",ヘビヘビの実 モデル 八岐大蛇,Hebi Hebi no Mi Moderu Yamata no Orochi,"Snake-Snake Fruit, Model: Yamata-no-Orochi",Snake; Eight-Headed Snake,Chapter 927 ; Episode 921,Mythical Zoan,Kurozumi Orochi,
"Hito Hito no Mi, Model: Onyudo","https://onepiece.fandom.com/wiki/Hito_Hito_no_Mi,_Model:_Onyudo",Zoan,Mythical,True,"Allows its user to transform into an onyudo , a large monk yokai, at will",ヒトヒトの実 モデル“大入道”,"Hito Hito no Mi, Moderu: Ōnyūdō",Human-Human Fruit Model Onyudo,"Human, Big Monk",Chapter 936 ; Episode 932,Mythical Zoan,,Onimaru
"Inu Inu no Mi, Model: Okuchi no Makami","https://onepiece.fandom.com/wiki/Inu_Inu_no_Mi,_Model:_Okuchi_no_Makami",Zoan,Mythical,True,Allows the user to transform into a hybrid and full version of an ancient wolf deity at will,イヌイヌの実 モデル 大口真神,Inu Inu no Mi Moderu Ōkuchi no Makami,"Dog-Dog Fruit, Model: Okuchi-no-Makami",Dog; Large-Mouthed True/Pure God,Chapter 996 ; Episode 1009,Mythical Zoan,,Yamato
"Uma Uma no Mi, Model: Pegasus","https://onepiece.fandom.com/wiki/Uma_Uma_no_Mi,_Model:_Pegasus",Zoan,Mythical,True,Allows its user to transform into a Pegasus hybrid and a full Pegasus at will,ウマウマの実 モデル ペガサス,"Uma Uma no Mi, Moderu Pegasasu","Horse-Horse Fruit, Model Pegasus",Horse; Pegasus,Chapter 1063 ; Episode 1092,Mythical Zoan,,Stronger
"Ryu Ryu no Mi, Model: Kirin","https://onepiece.fandom.com/wiki/Ryu_Ryu_no_Mi,_Model:_Kirin",Zoan,Mythical,True,"Grants the power to transform into a qilin and half-qilin hybrid, which can put others to sleep and manifest their dreams into reality, making the user a Dream-Manifesting Human",リュウリュウの実 モデル麒麟,Ryū Ryū no Mi Moderu Kirin,"Dragon-Dragon Fruit, Model: Kirin","Dragon, Kirin/Qilin",Chapter 1140,Mythical Zoan,,Rimoshifu Killingham
"Inu Inu no Mi, Model: Bake-danuki","https://onepiece.fandom.com/wiki/Inu_Inu_no_Mi,_Model:_Bake-danuki",Zoan,Mythical,,,イヌイヌの実 モデル化狸,Inu Inu no Mi: Moderu Bake-danuki,,Dog; Monster raccoon dog,One Piece: Unlimited World Red,Mythical Zoan,,Pato
"Batto Batto no Mi, Model: Vampire","https://onepiece.fandom.com/wiki/Batto_Batto_no_Mi,_Model:_Vampire",Zoan,Mythical,,Gives the user the ability to turn into a vampire,バットバットの実 モデル“バンパイア”,Batto Batto no Mi: Moderu Banpaia,"Bat-Bat Fruit, Model: Vampire",Bat,One Piece: Unlimited World Red,Mythical Zoan,,Patrick Redfield
"Tori Tori no Mi, Model: Nue","https://onepiece.fandom.com/wiki/Tori_Tori_no_Mi,_Model:_Nue",Zoan,Mythical,,Allows its user to transform into a Nue hybrid and a full Nue at will,トリトリの実 モデル ヌエ,"Tori Tori no Mi, Moderu: Nue",,Bird,One Piece Art NUE,Mythical Zoan,,Toratsugu
Artificial Devil Fruit,https://onepiece.fandom.com/wiki/Artificial_Devil_Fruit,Zoan,Artificial,True,,人造悪魔の実,Jinzō Akuma no Mi,Man-Made Devil Fruit,Man-Made Devil Fruit,Chapter 684 ; Episode 610,,,Kouzuki Momonosuke ; Gifters ; Seraphim
Moku Moku no Mi,https://onepiece.fandom.com/wiki/Moku_Moku_no_Mi,Logia,,True,"Allows the user to create, control, and transform into smoke at will, making the user a Smoke Human",モクモクの実,,"Smoke-Smoke Fruit (4Kids); Plume-Plume Fruit (VIZ, Funimation); Steam-Steam Fruit ( Grand Adventure ); [ citation needed ] Seed of Smoke (Odex)",Sound of billowing smoke,Chapter 100 ; Episode 48,Logia,,Smoker
Suna Suna no Mi,https://onepiece.fandom.com/wiki/Suna_Suna_no_Mi,Logia,,True,"Allows the user to create, control, and transform into sand at will, turning the user into a Sand Human",スナスナの実,,Sand-Sand Fruit,Sand,Chapter 127 ; Episode 77,Logia,,Crocodile
Mera Mera no Mi,https://onepiece.fandom.com/wiki/Mera_Mera_no_Mi,Logia,,True,"Allows the user to create, control, and transform into fire at will",メラメラの実,,"Flame-Flame Fruit (VIZ, Funimation dub); Flare-Flare Fruit (4Kids, Funimation subs)",Sound of fire burning,Chapter 158 ; Episode 94 ( Portgas D. Ace ) Chapter 744 ; Episode 678 ( Sabo ),Logia,Portgas D. Ace,Sabo
Goro Goro no Mi,https://onepiece.fandom.com/wiki/Goro_Goro_no_Mi,Logia,,True,"Grants the power to create, control, and become lightning at will, making the user a Lightning Human  ; it is one of the few abilities touted as ""invincible"" according to Nico Robin",ゴロゴロの実,,Rumble-Rumble Fruit,Sound of Thunder,Chapter 241 ; Episode 155,Logia,,Enel
Hie Hie no Mi,https://onepiece.fandom.com/wiki/Hie_Hie_no_Mi,Logia,,True,"Allows the user to create, control, and transform into ice at will, turning them into a Freezing Human",ヒエヒエの実,,Ice-Ice Fruit (Funimation); Chilly-Chilly Fruit (VIZ manga); Hie-Hie Fruit (One Piece Official YouTube Channel),Chilly,Chapter 303 ; Episode 225,Logia,,Kuzan
Yami Yami no Mi,https://onepiece.fandom.com/wiki/Yami_Yami_no_Mi,Logia,,True,"Allows the user to create, control, and transform into darkness at will, making the user a Darkness Human",ヤミヤミの実,,Dark-Dark Fruit,Darkness,Chapter 440 ; Episode 325,Logia,,Marshall D. Teach
Pika Pika no Mi,https://onepiece.fandom.com/wiki/Pika_Pika_no_Mi,Logia,,True,"Allows the user to create, control, and transform into light at will, turning the user into a Light Human",ピカピカの実,Pika Pika no Mi,Glint-Glint Fruit,Glimmer or Light,Chapter 506 ; Episode 400,Logia,,Borsalino
Magu Magu no Mi,https://onepiece.fandom.com/wiki/Magu_Magu_no_Mi,Logia,,True,"Allows the user to create, control, and transform into magma at will, turning the user into a Magma Human",マグマグの実,,Mag-Mag Fruit,Magma,Chapter 554 ; Episode 463,Logia,,Sakazuki
Susu Susu no Mi,https://onepiece.fandom.com/wiki/Susu_Susu_no_Mi,Logia,,True,"Allows the user to create, control, and transform into soot at will",ススススの実,,Soot-Soot Fruit,Soot,Chapter 593 ; Episode 510,Logia,,Karasu
Numa Numa no Mi,https://onepiece.fandom.com/wiki/Numa_Numa_no_Mi,Logia,,True,"Allows the user to create, control, and transform into mud at will, making the user a Swamp Human",ヌマヌマの実,,Swamp-Swamp Fruit,Swamp,Chapter 603 ; Episode 521,Logia,,Caribou
Gasu Gasu no Mi,https://onepiece.fandom.com/wiki/Gasu_Gasu_no_Mi,Logia,,True,"Allows the user to create, control, and transform into gas at will",ガスガスの実,,Gas-Gas Fruit,Gas,Chapter 658 ; Episode 581,Logia,,Caesar Clown
Yuki Yuki no Mi,https://onepiece.fandom.com/wiki/Yuki_Yuki_no_Mi,Logia,,True,"Allows the user to create, control, and transform into snow at will, turning the user into a Snow Human",ユキユキの実,,Snow-Snow Fruit,Snow,Chapter 681 ; Episode 607,Logia,Monet,
Mori Mori no Mi,https://onepiece.fandom.com/wiki/Mori_Mori_no_Mi,Logia,,True,"Grants the power to create, control, and transform into flora at will, making the user a Forest Human",モリモリの実,,Woods-Woods Fruit,Forest,Chapter 1052 ; Episode 1079,Logia,,Aramaki
Toro Toro no Mi,https://onepiece.fandom.com/wiki/Toro_Toro_no_Mi,Logia,,,"Allows the user to create, control, and transform into a ""water-like liquid""  at will",トロトロの実,,Liquid Fruit ( Manga Entertainment ) Liquid-Liquid Fruit ( BStation ),Sound of a liquid with a syrupy consistency,Clockwork Island Adventure,Logia,,Honey Queen
Pasa Pasa no Mi,https://onepiece.fandom.com/wiki/Pasa_Pasa_no_Mi,Logia,,,"Allows the user to create, control, and transform into pieces of paper at will",パサパサの実,,,Paper,Great Hidden Treasure of the Nanatsu Islands,Logia,Simon,
Ame Ame no Mi,https://onepiece.fandom.com/wiki/Ame_Ame_no_Mi,Logia,,,"Allows the user to create, control, and transform into candy syrup at will",アメアメの実,,"Ame Ame Fruit ( Manga Entertainment ) Candy-Candy Fruit ( Treasure Cruise , BStation )",Candy,Movie 4,Logia,,Gasparde
Gunyo Gunyo no Mi,https://onepiece.fandom.com/wiki/Gunyo_Gunyo_no_Mi,Undetermined Class,,True,"Allows the user to create and control clay, making the user a Clay Human",グニョグニョの実,,Glorp-Glorp Fruit,Squish,Chapter 966 (cover); Episode 1090,Unknown,,Prince Grus
Zuma Zuma no Mi,https://onepiece.fandom.com/wiki/Zuma_Zuma_no_Mi,Undetermined Class,,,,ズマズマの実,,,Plasma,One Piece Premier Show 2014,Unknown,,Smash
Meta Meta no Mi,https://onepiece.fandom.com/wiki/Meta_Meta_no_Mi,Undetermined Class,,,"Allows the user to control liquid metal, making them a Liquid Metal Human",メタメタの実,,,Metal,One Piece Dramatic Stage THE METAL ~Marineford of Remembrance~,Unknown,,Graydle
